address,company,detail,position
上海,"
华为
",上海,云计算系统架构专家798095699935
上海,"
华为
",上海,Java高级开发工程师
深圳,"
华为
",深圳,安全渗透专家
南京,"
华为
",南京,软件测试工程师
北京,"
华为
",北京,安全测试工程师
杭州,"
华为
",杭州,MPI首席架构师
西安,"
华为
",西安,解决方案测试工程师
深圳,"
华为
",深圳,服务器存储工程师
深圳,"
华为
",深圳,存储研究工程师
杭州,"
华为
",杭州,服务器POC性能工程师
东莞,"
华为
",东莞,高级生产经理
杭州,"
华为
",杭州,体验顾问
上海,"
华为
",上海,客户接待经理
东莞,"
华为
",东莞,报建经理
上海,"
华为
",上海,视频监控芯片技术支持软件工程师
北京,"
腾讯
",北京,32268腾讯视频项目经理
北京,"
腾讯
",北京,CSIG16大数据AI高级工程师
深圳,"
腾讯
",深圳,15605FPS类手游商业化运营
上海,"
腾讯
",上海,15963音频策划
上海,"
腾讯
",上海,32032移动客户端UE开发工程师
北京,"
腾讯
",北京,CSIG16地图数据工艺高级产品经理
深圳,"
腾讯
",深圳,31504Linux后台开发工程师
深圳,"
腾讯
",深圳,18428高级支付后台开发工程师
深圳,"
腾讯
",深圳,25578医疗AI软件开发
深圳,"
腾讯
",深圳,21309在线教育数据分析高级工程师
深圳,"
腾讯
",深圳,22989腾讯云资源成本运营规划
深圳,"
腾讯
",深圳,SA腾讯社交广告行业战略商业分析
深圳,"
腾讯
",深圳,HY3游戏内容商业分析师
深圳,"
腾讯
",深圳,PCG14AI产品内容运营
深圳,"
腾讯
",深圳,18425购付汇合作渠道产品经理
北京,"
字节跳动
",北京,移动端研发专家多媒体SDK
北京,"
字节跳动
",北京,设施管理高级经理
北京,"
字节跳动
",北京,调度系统研发工程师
北京,"
字节跳动
",北京,硬件开发工程师FPGA
北京,"
字节跳动
",北京,数据研发工程师
北京,"
字节跳动
",北京,后台研发工程师核心广告系统
海口,"
字节跳动
",海口,销售代表
上海,"
字节跳动
",上海,部门助理
上海,"
字节跳动
",上海,Android架构师独立闭环业务
北京,"
字节跳动
",北京,产品运营经理
上海,"
字节跳动
",上海,大数据研发工程师平台服务方向
北京,"
字节跳动
",北京,用户研究专家
北京,"
字节跳动
",北京,游戏GUI视觉设计北京上海杭州广州
北京,"
字节跳动
",北京,电商产品运营经理
北京,"
字节跳动
",北京,Android Framework系统工程师
杭州,"
阿里
",杭州,菜鸟海运CP运营专家
杭州,"
阿里
",杭州,阿里文娱搜索排序高级算法工程师专家杭州
北京,"
阿里
",北京,数据技术及产品部前端开发专家北京
杭州,"
阿里
",杭州,飞猪Java工程师技术专家菲住布渴
厦门,"
阿里
",厦门,ICBU中国供应商闽汕大区资深客户经理
北京,"
阿里
",北京,大麦赛事运营行业专家北京
杭州,"
阿里
",杭州,集团CFO线BU财务专家杭州
北京,"
阿里
",北京,大文娱高级艺人宣传专家酷漾
北京,"
阿里
",北京,高德高精采集产品专家
上海,"
阿里
",上海,互动娱乐事业部场景原画设计师专家上海
杭州,"
阿里
",杭州,口碑大客户服务专家服务中心
杭州,"
阿里
",杭州,ICBU中国供应商数据产品经理
杭州,"
阿里
",杭州,ICBU国际贸易事业部交易产品专家
杭州,"
阿里
",杭州,钉钉数据应用安全专家研发中心
杭州,"
阿里
",杭州,ICBU国际贸易事业部行业运营专家
广州,"
网易
",广州,Python开发工程师
广州,"
网易
",广州,品牌营销策划
广州,"
网易
",广州,广告优化师
上海,"
网易
",上海,资深java服务端开发工程师
杭州,"
网易
",杭州,资深营销工具运营专员
杭州,"
网易
",杭州,资深android开发工程师
杭州,"
网易
",杭州,游戏服务端开发工程师
北京,"
网易
",北京,社群运营经理有道事业部036
杭州,"
网易
",杭州,商业分析专家邮件事业部172
杭州,"
网易
",杭州,库存管理经理
广州,"
网易
",广州,基础架构工程师
北京,"
网易
",北京,高级法务经理
广州,"
网易
",广州,核心开发工程师
杭州,"
网易
",杭州,资深产品经理网易考拉
杭州,"
网易
",杭州,采购经理
